{"cameraMode":{"drawMode":0,"name":"Shaded","section":"Shading Mode"},"sceneLighting":false,"audioPlay":false,"sceneViewState":{"showFog":true,"showMaterialUpdate":false,"showSkybox":false,"showFlares":true,"showImageEffects":true,"showParticleSystems":true},"in2DMode":false,"pivot":{"x":-8.603300094604493,"y":-2.3019232749938967,"z":-0.6320761442184448},"rotation":{"x":-0.06674126535654068,"y":-0.02484493888914585,"z":0.0016876348527148367,"w":-0.997497022151947},"size":1.8906493186950684,"orthographic":false}