{"cameraMode":{"drawMode":0,"name":"Shaded","section":"Shading Mode"},"sceneLighting":true,"audioPlay":false,"sceneViewState":{"showFog":true,"showMaterialUpdate":false,"showSkybox":true,"showFlares":true,"showImageEffects":true,"showParticleSystems":true},"in2DMode":false,"pivot":{"x":-1.9248806238174439,"y":-9.013985633850098,"z":7.5930585861206059},"rotation":{"x":0.2631050944328308,"y":-0.04566315561532974,"z":0.010429938323795796,"w":0.9641496539115906},"size":11.438310623168946,"orthographic":false}