{"cameraMode":{"drawMode":0,"name":"Shaded","section":"Shading Mode"},"sceneLighting":false,"audioPlay":false,"sceneViewState":{"showFog":true,"showMaterialUpdate":false,"showSkybox":false,"showFlares":true,"showImageEffects":true,"showParticleSystems":true},"in2DMode":false,"pivot":{"x":0.5600000619888306,"y":-1.6239999532699586,"z":-1.621999979019165},"rotation":{"x":-0.033303793519735339,"y":0.0015968353254720569,"z":-0.00004565747076412663,"w":-0.9994581341743469},"size":1.8196498155593873,"orthographic":false}