{"cameraMode":{"drawMode":0,"name":"Shaded","section":"Shading Mode"},"sceneLighting":false,"audioPlay":false,"sceneViewState":{"showFog":true,"showMaterialUpdate":false,"showSkybox":false,"showFlares":true,"showImageEffects":true,"showParticleSystems":true},"in2DMode":false,"pivot":{"x":-3.0800621509552,"y":-9.852497100830079,"z":49.79001235961914},"rotation":{"x":-0.06324715912342072,"y":0.02604258619248867,"z":-0.0016466189408674837,"w":-0.9976747632026672},"size":21.81462287902832,"orthographic":false}